Model,Price,Spec
"realme C53 (Champion Gold, 64 GB)","₹9,999",6 GB RAM | 64 GB ROM | Expandable Upto 2 TB
"realme C53 (Champion Gold, 128 GB)","₹11,999",6 GB RAM | 128 GB ROM | Expandable Upto 2 TB
"realme C53 (Champion Black, 64 GB)","₹9,999",6 GB RAM | 64 GB ROM | Expandable Upto 2 TB
"realme C53 (Champion Black, 128 GB)","₹9,999",4 GB RAM | 128 GB ROM | Expandable Upto 2 TB
"realme 11x 5G (Midnight Black, 128 GB)","₹15,999",8 GB RAM | 128 GB ROM | Expandable Upto 2 TB
"realme 11x 5G (Midnight Black, 128 GB)","₹14,999",6 GB RAM | 128 GB ROM | Expandable Upto 2 TB
"realme C53 (Champion Black, 128 GB)","₹11,999",6 GB RAM | 128 GB ROM | Expandable Upto 2 TB
"realme C53 (Champion Gold, 128 GB)","₹9,999",4 GB RAM | 128 GB ROM | Expandable Upto 2 TB
"realme 11x 5G (Purple Dawn, 128 GB)","₹15,999",8 GB RAM | 128 GB ROM | Expandable Upto 2 TB
"realme 11x 5G (Purple Dawn, 128 GB)","₹14,999",6 GB RAM | 128 GB ROM | Expandable Upto 2 TB
"realme 11 Pro+ 5G (Sunrise Beige, 256 GB)","₹27,999",8 GB RAM | 256 GB ROM
"realme 11 5G (Glory Gold, 128 GB)","₹16,999",8 GB RAM | 128 GB ROM | Expandable Upto 2 TB
"realme 11 5G (Glory Black, 128 GB)","₹16,999",8 GB RAM | 128 GB ROM | Expandable Upto 2 TB
"realme 11 Pro 5G (Sunrise Beige, 256 GB)","₹27,999",12 GB RAM | 256 GB ROM
"realme C51 (Mint Green, 64 GB)","₹8,999",4 GB RAM | 64 GB ROM | Expandable Upto 2 TB
"realme C51 (Mint Green, 128 GB)","₹8,999",4 GB RAM | 128 GB ROM | Expandable Upto 2 TB
"realme C55 (Sunshower, 64 GB)","₹13,999",6 GB RAM | 64 GB ROM | Expandable Upto 1 TB
"realme C51 (Carbon Black, 64 GB)","₹8,999",4 GB RAM | 64 GB ROM | Expandable Upto 2 TB
"realme C51 (Carbon Black, 128 GB)","₹8,999",4 GB RAM | 128 GB ROM | Expandable Upto 2 TB
"realme C55 (Sunshower, 128 GB)","₹13,999",8 GB RAM | 128 GB ROM | Expandable Upto 1 TB
"realme 11 5G (Glory Black, 256 GB)","₹19,999",8 GB RAM | 256 GB ROM | Expandable Upto 2 TB
"realme C55 (Sunshower, 64 GB)","₹8,299",4 GB RAM | 64 GB ROM | Expandable Upto 1 TB
"realme C55 (Rainy Night, 64 GB)","₹8,299",4 GB RAM | 64 GB ROM | Expandable Upto 1 TB
"realme C55 (Rainforest, 64 GB)","₹11,999",6 GB RAM | 64 GB ROM | Expandable Upto 1 TB
"realme C55 (Sunshower, 64 GB)","₹13,999",6 GB RAM | 64 GB ROM | Expandable Upto 1 TB
"realme C55 (Sunshower, 128 GB)","₹13,999",8 GB RAM | 128 GB ROM | Expandable Upto 1 TB
"realme C55 (Sunshower, 64 GB)","₹8,299",4 GB RAM | 64 GB ROM | Expandable Upto 1 TB
"realme C55 (Rainforest, 128 GB)","₹13,999",8 GB RAM | 128 GB ROM | Expandable Upto 1 TB
"realme C55 (Rainforest, 64 GB)","₹11,999",6 GB RAM | 64 GB ROM | Expandable Upto 1 TB
"realme C55 (Rainy Night, 128 GB)","₹13,999",8 GB RAM | 128 GB ROM | Expandable Upto 1 TB
"realme C67 5G (Dark Purple, 128 GB)","₹12,999",4 GB RAM | 128 GB ROM | Expandable Upto 2 TB
"realme C67 5G (Sunny Oasis, 128 GB)","₹12,999",4 GB RAM | 128 GB ROM | Expandable Upto 2 TB
"realme Narzo N53 (Feather Black, 128 GB)","₹10,300",6 GB RAM | 128 GB ROM
"realme Narzo N53 (Feather Gold, 128 GB)","₹10,187",6 GB RAM | 128 GB ROM
"realme C55 (Rainy Night, 64 GB)","₹8,299",4 GB RAM | 64 GB ROM | Expandable Upto 1 TB
"realme 11 Pro 5G (Oasis Green, 256 GB)","₹24,999",8 GB RAM | 256 GB ROM
"realme 11 Pro 5G (Sunrise Beige, 256 GB)","₹24,999",8 GB RAM | 256 GB ROM
"realme Narzo N53 (Feather Black, 64 GB)","₹8,599",4 GB RAM | 64 GB ROM
"realme 11 Pro 5G (Sunrise Beige, 128 GB)","₹23,999",8 GB RAM | 128 GB ROM
"realme 11 Pro 5G (Oasis Green, 128 GB)","₹23,999",8 GB RAM | 128 GB ROM
"realme Narzo 60X 5G (Nebula Purple, 128 GB)","₹12,550",4 GB RAM | 128 GB ROM
"realme Narzo N53 (Feather Gold, 64 GB)","₹8,867",4 GB RAM | 64 GB ROM
"realme Narzo 60x 5G (Stellar Green, 128 GB)","₹12,599",4 GB RAM | 128 GB ROM
"realme Narzo 60X 5G (Nebula Purple, 128 GB)","₹13,724",6 GB RAM | 128 GB ROM
"realme Narzo 60X 5G (Stellar Green, 128 GB)","₹13,749",6 GB RAM | 128 GB ROM
"realme C67 5G (Sunny Oasis, 128 GB)","₹14,499",6 GB RAM | 128 GB ROM | Expandable Upto 2 TB
"realme C67 5G (Dark Purple, 128 GB)","₹14,499",6 GB RAM | 128 GB ROM | Expandable Upto 2 TB
realme Narzo 60x 5G,"₹12,800",4 GB RAM | 128 GB ROM
"realme Narzo N53 (Feather Black, 128 GB)","₹10,610",8 GB RAM | 128 GB ROM
"realme C55 (Rainy Night, 64 GB)","₹11,999",6 GB RAM | 64 GB ROM | Expandable Upto 1 TB
"realme Narzo N55 (Prime Black, 128 GB)","₹10,267",6 GB RAM | 128 GB ROM
"realme Narzo N55 (Prime Black, 64 GB)","₹9,975",4 GB RAM | 64 GB ROM
"realme Narzo 60 5G (?Cosmic Black, 128 GB)","₹16,838",8 GB RAM | 128 GB ROM
"realme Narzo 60 5G (Mars Orange, 128 GB)","₹16,919",8 GB RAM | 128 GB ROM
"realme Narzo N55 (Prime Blue, 64 GB)","₹9,998",4 GB RAM | 64 GB ROM
"realme Narzo 60 5G (Mars Orange, 256 GB)","₹19,589",8 GB RAM | 256 GB ROM
"realme GT 5G (Dashing Blue, 128 GB)","₹23,999",8 GB RAM | 128 GB ROM
"realme Narzo N53 (Feather Gold, 128 GB)","₹10,200",6 GB RAM | 128 GB ROM
"realme Narzo 50i Prime (Dark Blue, 64 GB)","₹8,189",4 GB RAM | 64 GB ROM
"realme Narzo N53 (Feather Gold, 128 GB)","₹10,400",8 GB RAM | 128 GB ROM
"realme Narzo N55 (Prime Blue, 128 GB)","₹10,296",6 GB RAM | 128 GB ROM
"realme Narzo 60 Pro 5G (Cosmic Black, 1 TB)","₹28,999",12 GB RAM | 1 TB ROM
"realme Narzo 60 Pro 5G (Mars Orange, 256 GB)","₹26,789",12 GB RAM | 256 GB ROM
"realme Narzo 50i Prime (Mint Green, 64 GB)","₹7,799",4 GB RAM | 64 GB ROM
"realme Narzo N53 (Feather Gold, 64 GB)","₹9,052",4 GB RAM | 64 GB ROM
"realme Narzo 60 pro 5G (?Cosmic Black, 128 GB)","₹23,498",8 GB RAM | 128 GB ROM
"realme Narzo 60 Pro 5G (Mars orange, 128 GB)","₹22,075",8 GB RAM | 128 GB ROM
"realme Narzo 50 (Speed Black, 64 GB)","₹10,090",4 GB RAM | 64 GB ROM | Expandable Upto 256 GB
"realme Narzo 50i Prime (Dark Blue, 32 GB)","₹8,190",3 GB RAM | 32 GB ROM
"realme 10 Pro+ 5G (Hyperspace, 128 GB)","₹24,999",6 GB RAM | 128 GB ROM
"realme C35 (Glowing Black, 128 GB)","₹10,999",4 GB RAM | 128 GB ROM | Expandable Upto 1 TB
"realme Narzo 50 (Speed Blue, 128 GB)","₹13,490",6 GB RAM | 128 GB ROM | Expandable Upto 256 GB
"realme Narzo 50i Prime (Dark Blue, 64 GB)","₹8,380",4 GB RAM | 64 GB ROM
"realme C33 (Aqua Blue, 64 GB)","₹9,999",4 GB RAM | 64 GB ROM | Expandable Upto 1 TB
"realme C33 (Night Sea, 64 GB)","₹9,999",4 GB RAM | 64 GB ROM | Expandable Upto 1 TB
"realme Narzo 60 Pro 5G (Mars Orange, 256 GB)","₹26,790",12 GB RAM | 256 GB ROM
"realme C35 (Glowing Black, 64 GB)","₹9,999",4 GB RAM | 64 GB ROM | Expandable Upto 1 TB
"realme C33 2023 (Night Sea, 64 GB)","₹9,999",4 GB RAM | 64 GB ROM | Expandable Upto 1 TB
"realme 9 5G (Meteor Black, 64 GB)","₹13,999",4 GB RAM | 64 GB ROM | Expandable Upto 1 TB
"realme 3i (Diamond Blue, 64 GB)","₹10,999",4 GB RAM | 64 GB ROM | Expandable Upto 256 GB
"realme C20 (Cool Grey, 32 GB)","₹7,499",2 GB RAM | 32 GB ROM | Expandable Upto 256 GB
"realme C20 (Cool Blue, 32 GB)","₹7,499",2 GB RAM | 32 GB ROM | Expandable Upto 256 GB
"realme 3i (Diamond Blue, 32 GB)","₹8,999",3 GB RAM | 32 GB ROM | Expandable Upto 256 GB
"realme 6 (Comet Blue, 128 GB)","₹16,999",8 GB RAM | 128 GB ROM | Expandable Upto 256 GB
"realme Narzo 50i (Mint Green, 64 GB)","₹8,999",4 GB RAM | 64 GB ROM | Expandable Upto 256 GB
"realme 6 (Comet White, 64 GB)","₹13,999",4 GB RAM | 64 GB ROM | Expandable Upto 256 GB
"realme GT Neo 3T (Drifting White, 256 GB)","₹33,999",8 GB RAM | 256 GB ROM
"realme GT Neo 3T (Drifting White, 128 GB)","₹31,999",8 GB RAM | 128 GB ROM
"realme Narzo 50A (Oxygen Green, 128 GB)","₹12,499",4 GB RAM | 128 GB ROM | Expandable Upto 256 GB
"realme Narzo 50A (Oxygen Green, 64 GB)","₹11,499",4 GB RAM | 64 GB ROM | Expandable Upto 256 GB
"realme GT Neo 3T (Shade Black, 128 GB)","₹29,999",6 GB RAM | 128 GB ROM
"realme Narzo 50A (Oxygen Blue, 128 GB)","₹12,499",4 GB RAM | 128 GB ROM | Expandable Upto 256 GB
"realme Narzo N53 (Feather Gold, 64 GB)","₹8,695",4 GB RAM | 64 GB ROM
"realme Narzo 50A Prime (Flash Black, 64 GB)","₹10,898",4 GB RAM | 64 GB ROM | Expandable Upto 512 GB
"realme Narzo 20 Pro (White Knight, 64 GB)","₹16,999",6 GB RAM | 64 GB ROM | Expandable Upto 256 GB
"realme 9 5G (Supersonic Black, 64 GB)","₹13,999",4 GB RAM | 64 GB ROM | Expandable Upto 1 TB
"realme 9 5G (Meteor Black, 64 GB)","₹13,999",4 GB RAM | 64 GB ROM | Expandable Upto 1 TB
"realme 8s 5G (Universe Blue, 128 GB)","₹19,999",8 GB RAM | 128 GB ROM | Expandable Upto 1 TB
"realme C53 (Gold, 64 GB)","₹9,990",6 GB RAM | 64 GB ROM | Expandable Upto 2 TB
"realme 7i (Fusion Blue, 64 GB)","₹11,849",4 GB RAM | 64 GB ROM | Expandable Upto 256 GB
"realme 7i (Fusion Green, 64 GB)","₹11,849",4 GB RAM | 64 GB ROM | Expandable Upto 256 GB
"realme 8s 5G (Universe Purple, 128 GB)","₹19,999",8 GB RAM | 128 GB ROM | Expandable Upto 1 TB
"realme 7i (Fusion Blue, 128 GB)","₹14,249",4 GB RAM | 128 GB ROM | Expandable Upto 256 GB
"realme GT Neo 3T (Dash Yellow, 256 GB)","₹33,999",8 GB RAM | 256 GB ROM
"realme GT Neo 3T (Drifting White, 128 GB)","₹29,999",6 GB RAM | 128 GB ROM
"realme Narzo 30A (Laser Black, 32 GB)","₹9,999",3 GB RAM | 32 GB ROM | Expandable Upto 256 GB
"realme GT Neo 3 (Sprint White, 256 GB)","₹32,999",8 GB RAM | 256 GB ROM
"realme C53 (Champion Gold, 64 GB)","₹32,999",6 GB RAM | 64 GB ROM | Expandable Upto 2 TB
"realme C53 (Champion Black, 64 GB)","₹32,999",6 GB RAM | 64 GB ROM | Expandable Upto 2 TB
"realme C53 (Champion Black, 128 GB)","₹32,999",4 GB RAM | 128 GB ROM | Expandable Upto 2 TB
"realme C53 (Champion Gold, 128 GB)","₹32,999",4 GB RAM | 128 GB ROM | Expandable Upto 2 TB
"realme 11x 5G (Midnight Black, 128 GB)","₹32,999",8 GB RAM | 128 GB ROM | Expandable Upto 2 TB
"realme 11x 5G (Midnight Black, 128 GB)","₹32,999",6 GB RAM | 128 GB ROM | Expandable Upto 2 TB
"realme 11x 5G (Purple Dawn, 128 GB)","₹32,999",8 GB RAM | 128 GB ROM | Expandable Upto 2 TB
"realme 11x 5G (Purple Dawn, 128 GB)","₹32,999",6 GB RAM | 128 GB ROM | Expandable Upto 2 TB
"realme 11 5G (Glory Black, 256 GB)","₹32,999",8 GB RAM | 256 GB ROM | Expandable Upto 2 TB
"realme C53 (Champion Gold, 128 GB)","₹32,999",6 GB RAM | 128 GB ROM | Expandable Upto 2 TB
"realme 11 5G (Glory Gold, 128 GB)","₹32,999",8 GB RAM | 128 GB ROM | Expandable Upto 2 TB
"realme C51 (Mint Green, 64 GB)","₹32,999",4 GB RAM | 64 GB ROM | Expandable Upto 2 TB
"realme C51 (Mint Green, 128 GB)","₹32,999",4 GB RAM | 128 GB ROM | Expandable Upto 2 TB
"realme C51 (Carbon Black, 64 GB)","₹32,999",4 GB RAM | 64 GB ROM | Expandable Upto 2 TB
"realme C51 (Carbon Black, 128 GB)","₹32,999",4 GB RAM | 128 GB ROM | Expandable Upto 2 TB
"realme 11 5G (Glory Black, 128 GB)","₹32,999",8 GB RAM | 128 GB ROM | Expandable Upto 2 TB
"realme C53 (Champion Black, 128 GB)","₹32,999",6 GB RAM | 128 GB ROM | Expandable Upto 2 TB
"realme 11 5G (Glory Gold, 256 GB)","₹32,999",8 GB RAM | 256 GB ROM | Expandable Upto 2 TB
"realme 11 Pro+ 5G (Sunrise Beige, 256 GB)","₹32,999",8 GB RAM | 256 GB ROM
"realme 11 Pro 5G (Astral Black, 256 GB)","₹32,999",12 GB RAM | 256 GB ROM
"realme 11 Pro+ 5G (Sunrise Beige, 256 GB)","₹32,999",12 GB RAM | 256 GB ROM
"realme 11 Pro+ 5G (Oasis Green, 256 GB)","₹32,999",12 GB RAM | 256 GB ROM
"realme 11 Pro 5G (Sunrise Beige, 256 GB)","₹32,999",12 GB RAM | 256 GB ROM
"realme 11 Pro 5G (Astral Black, 256 GB)","₹32,999",8 GB RAM | 256 GB ROM
"realme C55 (Rainforest, 128 GB)","₹32,999",8 GB RAM | 128 GB ROM | Expandable Upto 1 TB
"realme C55 (Rainy Night, 128 GB)","₹32,999",8 GB RAM | 128 GB ROM | Expandable Upto 1 TB
"realme Narzo N53 (Feather Black, 128 GB)","₹32,999",6 GB RAM | 128 GB ROM
"realme 11 5G (Glory Gold, 256 GB)","₹32,999",8 GB RAM | 256 GB ROM | Expandable Upto 2 TB
"realme C55 (Rainy Night, 64 GB)","₹32,999",6 GB RAM | 64 GB ROM | Expandable Upto 1 TB
"realme 11 Pro 5G (Astral Black, 256 GB)","₹32,999",12 GB RAM | 256 GB ROM
"realme 11 Pro+ 5G (Sunrise Beige, 256 GB)","₹32,999",12 GB RAM | 256 GB ROM
"realme 11 Pro+ 5G (Oasis Green, 256 GB)","₹32,999",12 GB RAM | 256 GB ROM
"realme Narzo 60X 5G (Nebula Purple, 128 GB)","₹32,999",6 GB RAM | 128 GB ROM
"realme Narzo 60X 5G (Stellar Green, 128 GB)","₹32,999",6 GB RAM | 128 GB ROM
"realme 11 Pro 5G (Astral Black, 256 GB)","₹32,999",8 GB RAM | 256 GB ROM
"realme Narzo 60X 5G (Nebula Purple, 128 GB)","₹32,999",4 GB RAM | 128 GB ROM
"realme Narzo 60x 5G (Stellar Green, 128 GB)","₹32,999",4 GB RAM | 128 GB ROM
"realme Narzo N55 (Prime Blue, 128 GB)","₹32,999",6 GB RAM | 128 GB ROM
"realme Narzo N55 (Prime Black, 128 GB)","₹32,999",6 GB RAM | 128 GB ROM
"realme Narzo N55 (Prime Blue, 64 GB)","₹32,999",4 GB RAM | 64 GB ROM
"realme Narzo N55 (Prime Black, 64 GB)","₹32,999",4 GB RAM | 64 GB ROM
"realme C67 5G (Sunny Oasis, 128 GB)","₹32,999",6 GB RAM | 128 GB ROM | Expandable Upto 2 TB
"realme C67 5G (Sunny Oasis, 128 GB)","₹32,999",4 GB RAM | 128 GB ROM | Expandable Upto 2 TB
"realme C67 5G (Dark Purple, 128 GB)","₹32,999",4 GB RAM | 128 GB ROM | Expandable Upto 2 TB
"realme 11 Pro 5G (Sunrise Beige, 256 GB)","₹32,999",8 GB RAM | 256 GB ROM
"realme 11 Pro 5G (Oasis Green, 256 GB)","₹32,999",8 GB RAM | 256 GB ROM
"realme C67 5G (Dark Purple, 128 GB)","₹32,999",6 GB RAM | 128 GB ROM | Expandable Upto 2 TB
"realme Narzo N53 (Feather Gold, 128 GB)","₹32,999",6 GB RAM | 128 GB ROM
"realme Narzo N53 (Feather Black, 128 GB)","₹32,999",8 GB RAM | 128 GB ROM
"realme C55 (Rainy Night, 64 GB)","₹32,999",6 GB RAM | 64 GB ROM | Expandable Upto 1 TB
"realme Narzo N55 (Prime Black, 128 GB)","₹32,999",6 GB RAM | 128 GB ROM
"realme Narzo N55 (Prime Black, 64 GB)","₹32,999",4 GB RAM | 64 GB ROM
"realme Narzo 60 5G (?Cosmic Black, 128 GB)","₹32,999",8 GB RAM | 128 GB ROM
"realme Narzo 60 5G (Mars Orange, 128 GB)","₹32,999",8 GB RAM | 128 GB ROM
"realme Narzo N55 (Prime Blue, 64 GB)","₹32,999",4 GB RAM | 64 GB ROM
"realme Narzo 60 5G (Mars Orange, 256 GB)","₹32,999",8 GB RAM | 256 GB ROM
"realme GT 5G (Dashing Blue, 128 GB)","₹32,999",8 GB RAM | 128 GB ROM
"realme Narzo N53 (Feather Gold, 128 GB)","₹32,999",6 GB RAM | 128 GB ROM
"realme Narzo 50i Prime (Dark Blue, 64 GB)","₹32,999",4 GB RAM | 64 GB ROM
"realme Narzo N53 (Feather Gold, 128 GB)","₹32,999",8 GB RAM | 128 GB ROM
"realme Narzo N55 (Prime Blue, 128 GB)","₹32,999",6 GB RAM | 128 GB ROM
"realme Narzo 60 Pro 5G (Cosmic Black, 1 TB)","₹32,999",12 GB RAM | 1 TB ROM
"realme Narzo 60 Pro 5G (Mars Orange, 256 GB)","₹32,999",12 GB RAM | 256 GB ROM
"realme Narzo 50i Prime (Mint Green, 64 GB)","₹32,999",4 GB RAM | 64 GB ROM
"realme Narzo N53 (Feather Gold, 64 GB)","₹32,999",4 GB RAM | 64 GB ROM
"realme Narzo 60 pro 5G (?Cosmic Black, 128 GB)","₹32,999",8 GB RAM | 128 GB ROM
"realme Narzo 60 Pro 5G (Mars orange, 128 GB)","₹32,999",8 GB RAM | 128 GB ROM
"realme Narzo 50 (Speed Black, 64 GB)","₹32,999",4 GB RAM | 64 GB ROM | Expandable Upto 256 GB
"realme Narzo 50i Prime (Dark Blue, 32 GB)","₹32,999",3 GB RAM | 32 GB ROM
"realme 10 Pro+ 5G (Hyperspace, 128 GB)","₹32,999",6 GB RAM | 128 GB ROM
"realme C35 (Glowing Black, 128 GB)","₹32,999",4 GB RAM | 128 GB ROM | Expandable Upto 1 TB
"realme Narzo 50 (Speed Blue, 128 GB)","₹32,999",6 GB RAM | 128 GB ROM | Expandable Upto 256 GB
"realme GT 5G (Dashing Silver, 128 GB)","₹32,999",8 GB RAM | 128 GB ROM
"realme Narzo N53 (Feather Black, 128 GB)","₹32,999",6 GB RAM | 128 GB ROM
"realme Narzo N53 (Feather Gold, 64 GB)","₹32,999",4 GB RAM | 64 GB ROM
"realme 9i 5G (Rocking Black, 64 GB)","₹32,999",4 GB RAM | 64 GB ROM | Expandable Upto 1 TB
"realme C33 (Aqua Blue, 64 GB)","₹32,999",4 GB RAM | 64 GB ROM | Expandable Upto 1 TB
"realme C35 (Glowing Black, 64 GB)","₹32,999",4 GB RAM | 64 GB ROM | Expandable Upto 1 TB
"realme C33 2023 (Night Sea, 64 GB)","₹32,999",4 GB RAM | 64 GB ROM | Expandable Upto 1 TB
"realme C33 (Night Sea, 64 GB)","₹32,999",4 GB RAM | 64 GB ROM | Expandable Upto 1 TB
"realme Narzo 20A (Victory Blue, 64 GB)","₹32,999",4 GB RAM | 64 GB ROM | Expandable Upto 256 GB
"realme 3i (Diamond Blue, 64 GB)","₹32,999",4 GB RAM | 64 GB ROM | Expandable Upto 256 GB
"realme C20 (Cool Grey, 32 GB)","₹32,999",2 GB RAM | 32 GB ROM | Expandable Upto 256 GB
"realme C20 (Cool Blue, 32 GB)","₹32,999",2 GB RAM | 32 GB ROM | Expandable Upto 256 GB
"realme 6 (Comet Blue, 128 GB)","₹32,999",8 GB RAM | 128 GB ROM | Expandable Upto 256 GB
"realme Narzo 50A (Oxygen Blue, 128 GB)","₹32,999",4 GB RAM | 128 GB ROM | Expandable Upto 256 GB
"realme GT Neo 3T (Drifting White, 128 GB)","₹32,999",8 GB RAM | 128 GB ROM
"realme GT Neo 3T (Drifting White, 256 GB)","₹32,999",8 GB RAM | 256 GB ROM
"realme Narzo 50A (Oxygen Green, 128 GB)","₹32,999",4 GB RAM | 128 GB ROM | Expandable Upto 256 GB
"realme Narzo 50A (Oxygen Green, 64 GB)","₹32,999",4 GB RAM | 64 GB ROM | Expandable Upto 256 GB
"realme GT Neo 3T (Shade Black, 128 GB)","₹32,999",6 GB RAM | 128 GB ROM
"realme Narzo 20 Pro (Black Ninja, 64 GB)","₹32,999",6 GB RAM | 64 GB ROM | Expandable Upto 256 GB
"realme Narzo 50A Prime (Flash Black, 64 GB)","₹32,999",4 GB RAM | 64 GB ROM | Expandable Upto 512 GB
"realme Narzo 20 Pro (White Knight, 64 GB)","₹32,999",6 GB RAM | 64 GB ROM | Expandable Upto 256 GB
"realme NARZO 50A PRIME (FLASH BLUE, 64 GB)","₹32,999",4 GB RAM | 64 GB ROM
"realme 9 5G (Supersonic Black, 64 GB)","₹32,999",4 GB RAM | 64 GB ROM | Expandable Upto 1 TB
"realme 9 5G (Meteor Black, 64 GB)","₹32,999",4 GB RAM | 64 GB ROM | Expandable Upto 1 TB
"realme 8s 5G (Universe Blue, 128 GB)","₹32,999",8 GB RAM | 128 GB ROM | Expandable Upto 1 TB
"realme C53 (Gold, 64 GB)","₹32,999",6 GB RAM | 64 GB ROM | Expandable Upto 2 TB
"realme 7i (Fusion Blue, 64 GB)","₹32,999",4 GB RAM | 64 GB ROM | Expandable Upto 256 GB
"realme 7i (Fusion Green, 64 GB)","₹32,999",4 GB RAM | 64 GB ROM | Expandable Upto 256 GB
"realme 8s 5G (Universe Purple, 128 GB)","₹32,999",8 GB RAM | 128 GB ROM | Expandable Upto 1 TB
"realme 7i (Fusion Blue, 128 GB)","₹32,999",4 GB RAM | 128 GB ROM | Expandable Upto 256 GB
"realme GT Neo 3T (Dash Yellow, 256 GB)","₹32,999",8 GB RAM | 256 GB ROM
"realme GT Neo 3T (Drifting White, 128 GB)","₹32,999",6 GB RAM | 128 GB ROM
"realme Narzo 30A (Laser Black, 32 GB)","₹32,999",3 GB RAM | 32 GB ROM | Expandable Upto 256 GB
"realme GT Neo 3 (Sprint White, 256 GB)","₹32,999",8 GB RAM | 256 GB ROM
"realme 7 (Mist Blue, 64 GB)","₹32,999",6 GB RAM | 64 GB ROM | Expandable Upto 256 GB
"realme 6 (Comet White, 64 GB)","₹32,999",4 GB RAM | 64 GB ROM | Expandable Upto 256 GB
"realme C30s (Night Black, 64 GB)","₹32,999",4 GB RAM | 64 GB ROM | Expandable Upto 1 TB
"realme GT Neo 3T (Dash Yellow, 128 GB)","₹32,999",6 GB RAM | 128 GB ROM
"realme Narzo 30A (Laser Blue, 32 GB)","₹32,999",3 GB RAM | 32 GB ROM | Expandable Upto 256 GB
"realme GT Neo 3 (Asphalt Black, 256 GB)","₹32,999",8 GB RAM | 256 GB ROM
"realme X7 5G (Nebula, 128 GB)","₹32,999",6 GB RAM | 128 GB ROM
"realme GT Neo 3T (Dash Yellow, 128 GB)","₹32,999",8 GB RAM | 128 GB ROM
"realme GT Neo 3 (Asphalt Black, 128 GB)","₹32,999",8 GB RAM | 128 GB ROM
"realme 10 Pro+ 5G (Hyperspace, 128 GB)","₹32,999",8 GB RAM | 128 GB ROM
"realme 8s 5G (Universe Purple, 128 GB)","₹32,999",6 GB RAM | 128 GB ROM | Expandable Upto 1 TB
"realme 3i (Diamond Red, 64 GB)","₹32,999",4 GB RAM | 64 GB ROM | Expandable Upto 256 GB
"realme 3i (Diamond Black, 32 GB)","₹32,999",3 GB RAM | 32 GB ROM | Expandable Upto 256 GB
"realme GT Neo 3 (Nitro Blue, 256 GB)","₹32,999",8 GB RAM | 256 GB ROM
"realme 2 (Diamond Black, 32 GB)","₹32,999",3 GB RAM | 32 GB ROM | Expandable Upto 256 GB
"realme 9 (Stargaze White, 128 GB)","₹32,999",6 GB RAM | 128 GB ROM | Expandable Upto 256 GB
"realme 6 Pro (Lightning Orange, 64 GB)","₹32,999",6 GB RAM | 64 GB ROM | Expandable Upto 256 GB
"realme C2 (Diamond Black, 32 GB)","₹32,999",2 GB RAM | 32 GB ROM | Expandable Upto 256 GB
"realme C2 (Diamond Blue, 32 GB)","₹32,999",2 GB RAM | 32 GB ROM | Expandable Upto 256 GB
"realme 9 (Meteor Black, 128 GB)","₹32,999",8 GB RAM | 128 GB ROM | Expandable Upto 256 GB
"realme 7 (Mist White, 64 GB)","₹32,999",6 GB RAM | 64 GB ROM | Expandable Upto 256 GB
"realme 7 (Mist White, 128 GB)","₹32,999",8 GB RAM | 128 GB ROM | Expandable Upto 256 GB
"realme Narzo 20A (Glory Silver, 32 GB)","₹32,999",3 GB RAM | 32 GB ROM | Expandable Upto 256 GB
"realme 2 Pro (Black Sea, 64 GB)","₹32,999",4 GB RAM | 64 GB ROM | Expandable Upto 256 GB
"realme GT NEO 3 (150W) (Sprint White, 256 GB)","₹32,999",12 GB RAM | 256 GB ROM
"realme GT NEO 3 (150W) (Asphalt Black, 256 GB)","₹32,999",12 GB RAM | 256 GB ROM
"realme Narzo 20A (Glory Silver, 64 GB)","₹32,999",4 GB RAM | 64 GB ROM | Expandable Upto 256 GB
"realme Narzo 20 Pro (Black Ninja, 128 GB)","₹32,999",8 GB RAM | 128 GB ROM | Expandable Upto 256 GB
"realme C25_Y (Glacier Blue, 64 GB)","₹32,999",4 GB RAM | 64 GB ROM
"realme C25_Y (Metal Grey, 64 GB)","₹32,999",4 GB RAM | 64 GB ROM
"realme Narzo 50A (Oxygen Blue, 64 GB)","₹32,999",4 GB RAM | 64 GB ROM | Expandable Upto 256 GB
"realme C21Y (Cross Blue, 64 GB)","₹32,999",4 GB RAM | 64 GB ROM | Expandable Upto 256 GB
"realme Narzo 50A Prime (Flash Black, 128 GB)","₹32,999",4 GB RAM | 128 GB ROM
"realme 5 (Crystal Purple, 128 GB)","₹32,999",4 GB RAM | 128 GB ROM | Expandable Upto 256 GB
"realme C21Y (Cross Black, 32 GB)","₹32,999",3 GB RAM | 32 GB ROM | Expandable Upto 256 GB
"realme 5 (Crystal Purple, 64 GB)","₹32,999",4 GB RAM | 64 GB ROM | Expandable Upto 256 GB
"realme 5 (Crystal Blue, 128 GB)","₹32,999",4 GB RAM | 128 GB ROM | Expandable Upto 256 GB
"realme 5 (Crystal Purple, 32 GB)","₹32,999",3 GB RAM | 32 GB ROM | Expandable Upto 256 GB
"realme 5 (Crystal Blue, 64 GB)","₹32,999",4 GB RAM | 64 GB ROM | Expandable Upto 256 GB
"realme 5 (Crystal Blue, 32 GB)","₹32,999",3 GB RAM | 32 GB ROM | Expandable Upto 256 GB
"realme C21Y (Cross Black, 64 GB)","₹32,999",4 GB RAM | 64 GB ROM | Expandable Upto 256 GB
"realme Narzo 20 (Glory Silver, 64 GB)","₹32,999",4 GB RAM | 64 GB ROM | Expandable Upto 256 GB
"realme Narzo 50A Prime (Flash Blue, 128 GB)","₹32,999",4 GB RAM | 128 GB ROM
"realme Narzo 50A Prime (Flash Black, 128 GB)","₹32,999",4 GB RAM | 128 GB ROM
"realme X50 Pro (Moss Green, 128 GB)","₹32,999",8 GB RAM | 128 GB ROM
"realme Narzo 50A Prime (Flash Blue, 64 GB)","₹32,999",4 GB RAM | 64 GB ROM | Expandable Upto 512 GB
"realme Narzo 30A (Laser Blue, 64 GB)","₹32,999",4 GB RAM | 64 GB ROM | Expandable Upto 256 GB
"realme GT Neo 3 (150W - Thor Limited Edition) (Nitro Blue, 256 GB)","₹32,999",12 GB RAM | 256 GB ROM
"realme X50 Pro (Rust Red, 128 GB)","₹32,999",8 GB RAM | 128 GB ROM
"realme 6i (Eclipse Black, 64 GB)","₹32,999",6 GB RAM | 64 GB ROM | Expandable Upto 256 GB
"realme Narzo 20 (Victory Blue, 64 GB)","₹32,999",4 GB RAM | 64 GB ROM | Expandable Upto 256 GB
"realme Narzo 50 Pro 5G (Hyper Blue, 128 GB)","₹32,999",8 GB RAM | 128 GB ROM
"realme C2 (Diamond Blue, 16 GB)","₹32,999",2 GB RAM | 16 GB ROM | Expandable Upto 256 GB
"realme 9 Pro 5G (Sunrise Blue, 128 GB)","₹32,999",6 GB RAM | 128 GB ROM | Expandable Upto 256 GB
"realme C15 (Power Blue, 32 GB)","₹32,999",3 GB RAM | 32 GB ROM | Expandable Upto 256 GB
"realme X3 SuperZoom (Glacier Blue, 256 GB)","₹32,999",12 GB RAM | 256 GB ROM
"realme Narzo 50A Prime (Flash Blue, 128 GB)","₹32,999",4 GB RAM | 128 GB ROM
"realme X7 5G (Space Silver, 128 GB)","₹32,999",8 GB RAM | 128 GB ROM
"realme C15 (Power Blue, 64 GB)","₹32,999",4 GB RAM | 64 GB ROM | Expandable Upto 256 GB
"realme 6 (Comet White, 64 GB)","₹32,999",6 GB RAM | 64 GB ROM | Expandable Upto 256 GB
"realme GT NEO 3 (150W) (Nitro Blue, 256 GB)","₹32,999",12 GB RAM | 256 GB ROM
"realme C15 (Power Blue, 32 GB)","₹32,999",3 GB RAM | 32 GB ROM | Expandable Upto 256 GB
"realme C15 (Power Blue, 64 GB)","₹32,999",4 GB RAM | 64 GB ROM | Expandable Upto 256 GB
"realme 6 (Comet Blue, 64 GB)","₹32,999",6 GB RAM | 64 GB ROM | Expandable Upto 256 GB
"realme Narzo 30 (Racing Silver, 64 GB)","₹32,999",4 GB RAM | 64 GB ROM | Expandable Upto 256 GB
"realme GT NEO 3 (150W) (Nitro Blue, 256 GB)","₹32,999",12 GB RAM | 256 GB ROM
"realme 7 (Mist White, 64 GB)","₹32,999",6 GB RAM | 64 GB ROM | Expandable Upto 256 GB
"realme 3 Pro (Nitro Blue, 64 GB)","₹32,999",4 GB RAM | 64 GB ROM | Expandable Upto 256 GB
"realme C15 (Power Silver, 64 GB)","₹32,999",4 GB RAM | 64 GB ROM | Expandable Upto 256 GB
"realme C33 (Night Sea, 32 GB)","₹32,999",3 GB RAM | 32 GB ROM | Expandable Upto 1 TB
"realme Narzo 20 (Victory Blue, 128 GB)","₹32,999",4 GB RAM | 128 GB ROM | Expandable Upto 256 GB
"realme 6 Pro (Lightning Blue, 128 GB)","₹32,999",8 GB RAM | 128 GB ROM | Expandable Upto 256 GB
"realme Narzo 20A (Victory Blue, 64 GB)","₹32,999",4 GB RAM | 64 GB ROM | Expandable Upto 256 GB
"realme Narzo 20A (Glory Silver, 32 GB)","₹32,999",3 GB RAM | 32 GB ROM | Expandable Upto 256 GB
"realme C12 (Power Silver, 32 GB)","₹32,999",3 GB RAM | 32 GB ROM | Expandable Upto 256 GB
"realme Narzo 20 (Glory Silver, 128 GB)","₹32,999",4 GB RAM | 128 GB ROM | Expandable Upto 256 GB
"realme C15 Qualcomm Edition (Power Blue, 32 GB)","₹32,999",3 GB RAM | 32 GB ROM | Expandable Upto 256 GB
"realme 9 (Meteor Black, 128 GB)","₹32,999",6 GB RAM | 128 GB ROM | Expandable Upto 256 GB
"realme 5 Pro (Sparkling Blue, 64 GB)","₹32,999",6 GB RAM | 64 GB ROM | Expandable Upto 256 GB
"realme C3 (Volcano Grey, 32 GB)","₹32,999",3 GB RAM | 32 GB ROM | Expandable Upto 256 GB
"realme C3 (Frozen Blue, 64 GB)","₹32,999",4 GB RAM | 64 GB ROM | Expandable Upto 256 GB
"realme 5i (Aqua Blue, 128 GB)","₹32,999",4 GB RAM | 128 GB ROM
"realme 5 Pro (Sparkling Blue, 64 GB)","₹32,999",4 GB RAM | 64 GB ROM | Expandable Upto 256 GB
"realme 5 Pro (Crystal Green, 64 GB)","₹32,999",4 GB RAM | 64 GB ROM | Expandable Upto 256 GB
"realme Narzo 20 Pro (Black Ninja, 64 GB)","₹32,999",6 GB RAM | 64 GB ROM | Expandable Upto 256 GB
"realme C2 (Diamond Black, 16 GB)","₹32,999",2 GB RAM | 16 GB ROM | Expandable Upto 256 GB
"realme Narzo 10A (So White, 64 GB)","₹32,999",4 GB RAM | 64 GB ROM | Expandable Upto 256 GB
"realme X50 Pro (Moss Green, 256 GB)","₹32,999",12 GB RAM | 256 GB ROM
"realme 6 (Comet Blue, 64 GB)","₹32,999",6 GB RAM | 64 GB ROM | Expandable Upto 256 GB
"realme C1 (Mirror Black, 32 GB)","₹32,999",2 GB RAM | 32 GB ROM | Expandable Upto 256 GB
"realme X3 SuperZoom (Arctic White, 256 GB)","₹32,999",12 GB RAM | 256 GB ROM
"realme Narzo 30 (Racing Silver, 64 GB)","₹32,999",4 GB RAM | 64 GB ROM | Expandable Upto 256 GB
"realme 7 (Mist Blue, 128 GB)","₹32,999",8 GB RAM | 128 GB ROM | Expandable Upto 256 GB
"realme X3 SuperZoom (Glacier Blue, 256 GB)","₹32,999",8 GB RAM | 256 GB ROM
"realme X (Polar White, 128 GB)","₹32,999",8 GB RAM | 128 GB ROM
"realme X (Space Blue, 128 GB)","₹32,999",8 GB RAM | 128 GB ROM
"realme X (Space Blue, 128 GB)","₹32,999",4 GB RAM | 128 GB ROM
"realme C1 (Navy Blue, 16 GB)","₹32,999",2 GB RAM | 16 GB ROM | Expandable Upto 256 GB
"realme C1 (Mirror Black, 16 GB)","₹32,999",2 GB RAM | 16 GB ROM | Expandable Upto 256 GB
"realme 2 (Diamond Red, 32 GB)","₹32,999",3 GB RAM | 32 GB ROM | Expandable Upto 256 GB
"realme 5i (Forest Green, 64 GB)","₹32,999",4 GB RAM | 64 GB ROM
"realme 5i (Aqua Blue, 64 GB)","₹32,999",4 GB RAM | 64 GB ROM
"realme 3 (Dynamic Black, 32 GB)","₹32,999",3 GB RAM | 32 GB ROM | Expandable Upto 256 GB
"realme 8 (Cyber Black, 128 GB)","₹32,999",8 GB RAM | 128 GB ROM | Expandable Upto 256 GB
"realme 8 (Cyber Silver, 128 GB)","₹32,999",8 GB RAM | 128 GB ROM | Expandable Upto 256 GB
"realme 2 Pro (Black Sea, 128 GB)","₹32,999",8 GB RAM | 128 GB ROM | Expandable Upto 256 GB
"realme C21 (Cross Black, 32 GB)","₹32,999",3 GB RAM | 32 GB ROM | Expandable Upto 256 GB
"realme C21 (Cross Blue, 32 GB)","₹32,999",3 GB RAM | 32 GB ROM | Expandable Upto 256 GB
"realme C15 (Power Silver, 32 GB)","₹32,999",3 GB RAM | 32 GB ROM | Expandable Upto 256 GB
"realme 5i (Aqua Blue, 64 GB)","₹32,999",4 GB RAM | 64 GB ROM
"realme 8 (Cyber Black, 128 GB)","₹32,999",8 GB RAM | 128 GB ROM | Expandable Upto 256 GB
"realme C21 (Cross Black, 64 GB)","₹32,999",4 GB RAM | 64 GB ROM | Expandable Upto 256 GB
"realme 8 (Cyber Silver, 128 GB)","₹32,999",8 GB RAM | 128 GB ROM | Expandable Upto 256 GB
"realme C21 (Cross Black, 32 GB)","₹32,999",3 GB RAM | 32 GB ROM | Expandable Upto 256 GB
"realme C21 (Cross Blue, 32 GB)","₹32,999",3 GB RAM | 32 GB ROM | Expandable Upto 256 GB
"realme 8 Pro (Infinite Blue, 128 GB)","₹32,999",8 GB RAM | 128 GB ROM | Expandable Upto 256 GB
"realme 7 Pro (Mirror Blue, 128 GB)","₹32,999",6 GB RAM | 128 GB ROM | Expandable Upto 256 GB
"realme Narzo 50 Pro 5G (Hyper Black, 128 GB)","₹32,999",6 GB RAM | 128 GB ROM
"realme Narzo 20 (Glory Silver, 64 GB)","₹32,999",4 GB RAM | 64 GB ROM | Expandable Upto 256 GB
"realme C25s (Watery Grey, 128 GB)","₹32,999",4 GB RAM | 128 GB ROM | Expandable Upto 256 GB
"realme Narzo 30 5G (Racing Silver, 64 GB)","₹32,999",4 GB RAM | 64 GB ROM | Expandable Upto 1 TB
"realme Narzo 30 5G (Racing Blue, 64 GB)","₹32,999",4 GB RAM | 64 GB ROM | Expandable Upto 1 TB
"realme Narzo 30 5G (Racing Silver, 128 GB)","₹32,999",6 GB RAM | 128 GB ROM | Expandable Upto 1 TB
"realme 7 Pro (Mirror Silver, 128 GB)","₹32,999",8 GB RAM | 128 GB ROM | Expandable Upto 256 GB
"realme C12 (Power Blue, 32 GB)","₹32,999",3 GB RAM | 32 GB ROM | Expandable Upto 256 GB
"realme 2 (Diamond Blue, 64 GB)","₹32,999",4 GB RAM | 64 GB ROM
"realme C31 (Light Silver, 64 GB)","₹32,999",4 GB RAM | 64 GB ROM | Expandable Upto 1 TB
"realme C11 2021 (Cool Grey, 32 GB)","₹32,999",2 GB RAM | 32 GB ROM | Expandable Upto 256 GB
"realme C11 2021 (Cool Blue, 32 GB)","₹32,999",2 GB RAM | 32 GB ROM | Expandable Upto 256 GB
"realme Narzo 30 5G (Racing Blue, 128 GB)","₹32,999",6 GB RAM | 128 GB ROM | Expandable Upto 1 TB
"realme C11 2021 (Cool Grey, 64 GB)","₹32,999",4 GB RAM | 64 GB ROM | Expandable Upto 256 GB
"realme Narzo 50i (Carbon Black, 64 GB)","₹32,999",4 GB RAM | 64 GB ROM | Expandable Upto 256 GB
"realme 9 Pro+ 5G (Sunrise Blue, 128 GB)","₹32,999",6 GB RAM | 128 GB ROM
"realme Narzo 10 (That Blue, 128 GB)","₹32,999",4 GB RAM | 128 GB ROM | Expandable Upto 256 GB
"realme 2 (Diamond Blue, 64 GB)","₹32,999",4 GB RAM | 64 GB ROM
"realme C31 (Light Silver, 64 GB)","₹32,999",4 GB RAM | 64 GB ROM | Expandable Upto 1 TB
"realme C11 2021 (Cool Grey, 32 GB)","₹32,999",2 GB RAM | 32 GB ROM | Expandable Upto 256 GB
"realme C11 2021 (Cool Blue, 32 GB)","₹32,999",2 GB RAM | 32 GB ROM | Expandable Upto 256 GB
"realme Narzo 30 5G (Racing Blue, 128 GB)","₹32,999",6 GB RAM | 128 GB ROM | Expandable Upto 1 TB
"realme C11 2021 (Cool Grey, 64 GB)","₹32,999",4 GB RAM | 64 GB ROM | Expandable Upto 256 GB
"realme C11 2021 (Cool Blue, 64 GB)","₹32,999",4 GB RAM | 64 GB ROM | Expandable Upto 256 GB
"realme XT (Pearl White, 64 GB)","₹32,999",4 GB RAM | 64 GB ROM | Expandable Upto 256 GB
"realme Narzo 50A Prime (Flash Blue, 128 GB)","₹32,999",4 GB RAM | 128 GB ROM
"realme C31 (Dark Green, 64 GB)","₹32,999",4 GB RAM | 64 GB ROM | Expandable Upto 1 TB
"realme X7 Max (Mercury Silver, 128 GB)","₹32,999",8 GB RAM | 128 GB ROM
"realme 5s (Crystal Red, 128 GB)","₹32,999",4 GB RAM | 128 GB ROM | Expandable Upto 256 GB
"realme C25Y (Metal Grey, 128 GB)","₹32,999",4 GB RAM | 128 GB ROM | Expandable Upto 256 GB
"realme C25 (Watery Grey, 128 GB)","₹32,999",4 GB RAM | 128 GB ROM | Expandable Upto 256 GB
"realme C25Y (Glacier Blue, 64 GB)","₹32,999",4 GB RAM | 64 GB ROM | Expandable Upto 256 GB
"realme 8i (Space Purple, 128 GB)","₹32,999",6 GB RAM | 128 GB ROM | Expandable Upto 256 GB
"realme 8i (Space Black, 128 GB)","₹32,999",6 GB RAM | 128 GB ROM | Expandable Upto 256 GB
"realme 8i (Space Purple, 64 GB)","₹32,999",4 GB RAM | 64 GB ROM | Expandable Upto 256 GB
"realme X50 Pro 5G (Rust Red, 256 GB)","₹32,999",12 GB RAM | 256 GB ROM
"realme C11 (Rich Green, 32 GB)","₹32,999",2 GB RAM | 32 GB ROM | Expandable Upto 256 GB
"realme 10 (Clash White, 128 GB)","₹32,999",8 GB RAM | 128 GB ROM | Expandable Upto 1 TB
"realme 10 (Rush Black, 128 GB)","₹32,999",8 GB RAM | 128 GB ROM | Expandable Upto 1 TB
"realme C25Y (Metal Grey, 64 GB)","₹32,999",4 GB RAM | 64 GB ROM | Expandable Upto 256 GB
